id,text,label,domain,source,date,url_sumber
tbh-1906791183,"[SALAH] Virus Hanta Tak Menular Antar-Manusia, Vaksinnya Dipatenkan Sejak 2022 Kesehatan
18/06/2026
Mafindo
Akun TikTok “anfauhumlinnas05l” pada Jum’at (15/05/2026) mengunggah video [arsip] yang menunjukkan cuplikan wawancara mantan Menteri Kesehatan Siti Fadilah Supari dengan Arie Untung yang isinya menyebutkan virus hanta tidak menular antarmanusia dan vaksinnya telah dipatenkan sejak 2022.
Tim Pemeriksa Fakta Mafindo (TurnBackHoax) menelusuri klaim tersebut dengan menggunakan Google Lens. Hasilnya menunjukkan bahwa video yang beredar merupakan cuplikan dari siniar Cerita Untungs yang tayang di kanal YouTube Arie Untung pada Rabu (14/05/2026).
Merujuk hasil verifikasi Tim Cek Fakta Tempo yang mewawancarai epidemiolog serta menelusuri sejumlah jurnal ilmiah dan sumber kredibel lainnya. Hasilnya menunjukkan bahwa virus Andes merupakan satu-satunya jenis hantavirus yang diketahui dapat menular antarmanusia. Selain itu, paten yang diajukan pada 2022 bukanlah paten vaksin virus hanta, melainkan protein antigen yang berpotensi digunakan untuk pengembangan vaksin.
Sejumlah penelitian menunjukkan bahwa virus Andes pernah menyebabkan wabah di Argentina dan dapat menular antarmanusia. Temuan tersebut juga sejalan dengan penjelasan Organisasi Kesehatan Dunia (WHO), Pusat Pengendalian dan Pencegahan Penyakit Amerika Serikat (CDC), serta Pusat Pencegahan dan Pengendalian Penyakit Eropa (ECDC). Meski demikian, ECDC menjelaskan bahwa penularan antarmanusia pada virus Andes tergolong jarang dan biasanya terjadi melalui kontak yang erat atau berkepanjangan dengan penderita.
Klaim bahwa vaksin virus hanta telah dipatenkan sejak 2022 juga tidak tepat. Pengajuan yang dilakukan ilmuwan Badan Keamanan Kesehatan Inggris (UKHSA) sebenarnya berkaitan dengan protein antigen dari varian Seoul yang dapat dimanfaatkan untuk pengembangan vaksin. Antigen merupakan bagian dari virus yang dapat memicu tubuh membentuk antibodi untuk melawan infeksi.
Epidemiolog dari Griffith University, Dicky Budiman, mengatakan virus hanta bukanlah virus baru karena telah dikenal sejak lama. Menurutnya, penelitian dan pengembangan vaksin virus hanta merupakan bagian dari upaya kesiapsiagaan kesehatan, bukan bukti bahwa virus tersebut sengaja dibuat untuk memicu pandemi. Vaksin tersebut ditujukan bagi kelompok berisiko tinggi di beberapa negara, seperti Korea Selatan, Cile, Argentina, dan Amerika Serikat.
Salah

Sumber: 
https://archive.ph/8MOKP
Whatsapp Hotline: 0896-8006-0088
Kalimasada: 0859-2160-0500",0,kesehatan,turnbackhoax.id,2026-06-18,https://turnbackhoax.id/articles/35257-salah-virus-hanta-tak-menular-antar-manusia-vaksinnya-dipatenkan-sejak-2022
tbh-2088111215,"[SALAH] Foto ""Korban Hantavirus di Jakarta"" Kesehatan
14/06/2026
Mafindo
Akun TikTok “yona9855” pada Jum’at (15/5/2026) mengunggah video [arsip] disertai yang diklaim sebagai korban Hantavirus di Jakarta. Unggahan tersebut disertai narasi
“lagi viral hantavirus lagi diselidiki dinas kesehatan dari mana asal nya”
Hingga Minggu (14/6/2026) video tersebut telah dilihat lebih dari 800 kali dan disukai 10 kali.
Tim Pemeriksa Fakta Mafindo (TurnBackHoax) memeriksa foto pada unggahan tersebut menggunakan Google Lens. Hasil penelusuran mengarah ke akun Facebook ""Wish Ko Lang"" yang mengunggah video bertagar #BehindTheScenes dengan keterangan ""Wish Ko Lang: Rabies"". Video tersebut serupa dengan unggahan akun TikTok ""Yona9855"". Diketahui, ""Wish Ko Lang"" merupakan serial televisi Filipina yang memiliki episode berjudul ""Rabies"".
TurnBackHoax kemudian menelusuri informasi mengenai hantavirus di Jakarta per Mei 2026. Berdasarkan informasi dari Kementerian Kesehatan, kasus hantavirus yang terdeteksi di DKI Jakarta masih terkendali. Pemerintah juga memantau seluruh kontak erat pasien selama 14 hari untuk mencegah penularan lanjutan.
Kementerian Kesehatan menegaskan bahwa hantavirus tidak mudah menular antar manusia seperti COVID-19. Sekitar 99 persen penularan terjadi melalui kontak dengan hewan pengerat, terutama tikus, atau cairan tubuhnya, seperti urine, air liur, dan feses.
Salah

Sumber: 
https://www.tiktok.com/@yona9855/video/7640150389307886866?_r=1&_t=ZS-971gRSJv955
Whatsapp Hotline: 0896-8006-0088
Kalimasada: 0859-2160-0500",0,kesehatan,turnbackhoax.id,2026-06-14,https://turnbackhoax.id/articles/35214-salah-foto-korban-hantavirus-di-jakarta
tbh-3481735066,"[SALAH] Penderita Diabetes Tipe 1 dan Tipe 2 Bisa Sembuh Tanpa Obat Kesehatan
12/06/2026
Mafindo
Beredar unggahan video [arsip] dari akun Instagram “suhu.sanjaya” pada Rabu (3/6/2026) menampilkan seorang laki-laki yang sedang menjalani semacam terapi penyembuhan. Unggahan beserta narasi :
“Apakah diabetes tipe 1 dan 2 bisa Sembuh tanpa obat ?
Yess, Bisaaa#Dianetes”
Hingga Jumat (12/6/2026) unggahan telah mendapatkan 70-an tanda suka dan 20-an komentar.
Tim Pemeriksa Fakta Mafindo (TurnBackHoax) menelusuri klaim tersebut dengan menggunakan kata kunci “diabetes tipe 1 dan tipe 2 bisa sembuh tanpa obat” ke mesin pencari Google. Hasil penelusuran mengarah ke laman Direktorat Jenderal Kesehatan Lanjutan Kementerian Kesehatan RI berjudul “Apa itu Diet Diabetes Melitus”.
Dalam artikel tersebut dijelaskan bahwa diabetes melitus merupakan penyakit menahun yang diderita seumur hidup. Kementerian Kesehatan menegaskan bahwa diabetes melitus tidak dapat disembuhkan, tetapi dapat dikendalikan melalui pengelolaan yang tepat, seperti edukasi, pola makan sehat, olahraga dan pengobatan untuk mencegah komplikasi.
Dilansir dari Kemenkes RI, diabetes tipe 1 terjadi akibat kerusakan sistem kekebalan tubuh yang menyebabkan pankreas tidak dapat memproduksi insulin. Karena itu, penderita diabetes tipe 1 memerlukan terapi insulin sepanjang hidupnya untuk mengendalikan kadar gula darah dan mencegah komplikasi.
Kemenkes RI juga menjelaskan bahwa diabetes tipe 2 merupakan penyakit kronis yang terjadi akibat resistensi insulin atau produksi insulin yang tidak memadai. Kondisi ini memerlukan pengelolaan jangka panjang melalui perubahan gaya hidup dan pengobatan sesuai anjuran dokter.
Salah

Sumber: 
https://www.instagram.com/reels/DY5472qzYBO/
https://archive.ph/wip/WLv9n
Whatsapp Hotline: 0896-8006-0088
Kalimasada: 0859-2160-0500",0,kesehatan,turnbackhoax.id,2026-06-12,https://turnbackhoax.id/articles/35194-salah-penderita-diabetes-tipe-1-dan-tipe-2-bisa-sembuh-tanpa-obat
tbh-4233496870,"[SALAH] Tanpa Pakai Obat, Memijat Jari Mampu Sembuhkan Penyakit Kesehatan
10/06/2026
Mafindo
Akun TikTok “santrigunung” pada Senin (08/09/2025) mengunggah video [arsip] mengenai klaim bahwa berbagai penyakit dapat disembuhkan tanpa obat melalui teknik pijat pada jari. Unggahan tersebut menyertakan petunjuk untuk menekan atau memijat titik-titik tertentu di jari yang disebut-sebut mampu mengatasi beragam gangguan kesehatan.
Hingga artikel ini tayang, unggahan tersebut telah dilihat lebih dari 90 kali, disukai sebanyak 90 akun, dan disimpan lebih dari 40 akun.
Tim Pemeriksa Fakta Mafindo (TurnBackHoax) menelusuri klaim tersebut dengan menggunakan kata kunci “memijat jari sembuhkan penyakit” dan menemukan sejumlah rujukan dari sumber medis kredibel. Hasil penelusuran menunjukkan bahwa hingga saat ini belum ada bukti ilmiah yang membuktikan bahwa memijat jari tangan dapat menyembuhkan berbagai penyakit tanpa obat.
Merujuk hasil verifikasi Tim Cek Fakta Tempo, Guru Besar Fakultas Kedokteran Universitas Indonesia, Zubairi Djoerban, menjelaskan bahwa terdapat lebih dari 700 publikasi ilmiah mengenai akupresur, teknik pengobatan tradisional asal Tiongkok yang dilakukan dengan memberikan tekanan pada titik-titik tertentu di tubuh. Sejauh ini, penelitian yang ada umumnya menunjukkan bahwa akupresur dapat membantu meredakan nyeri dan memberikan efek relaksasi. Karena itu, dalam dunia medis metode tersebut dikategorikan sebagai pengobatan komplementer atau pendamping pengobatan standar, bukan sebagai pengganti terapi medis.
Penjelasan serupa disampaikan ahli akupunktur berlisensi dari Cleveland Clinic, Megan Scott. Menurutnya, akupresur dapat membantu meredakan sejumlah gejala fisik dan menenangkan pikiran, meskipun penelitian mengenai efektivitasnya masih terus berlangsung. Sementara itu, Alodokter menjelaskan bahwa beberapa titik refleksi pada tangan dapat ditekan untuk membantu meredakan keluhan tertentu, seperti sakit kepala dan konstipasi. Pijat refleksi pada tangan juga dapat memberikan efek relaksasi dan membantu mengurangi kecemasan.
Sejumlah penelitian juga menemukan bahwa kombinasi akupuntur dan akupresur dapat memberikan manfaat tambahan, seperti membantu meningkatkan kualitas tidur pada pasien kanker payudara. Namun, manfaat tersebut tidak menunjukkan bahwa pijatan pada jari dapat menyembuhkan penyakit. Oleh karena itu, pasien yang sedang menjalani pengobatan tetap dianjurkan untuk melanjutkan terapi medis sesuai anjuran tenaga kesehatan.
Salah

Sumber: 
https://arsip.cekfakta.com/archive/1780928147.445712/index.html
Whatsapp Hotline: 0896-8006-0088
Kalimasada: 0859-2160-0500",0,kesehatan,turnbackhoax.id,2026-06-10,https://turnbackhoax.id/articles/35162-salah-tanpa-pakai-obat-memijat-jari-mampu-sembuhkan-penyakit
tbh-329974361,"[SALAH] Pfizer Rilis Daftar Efek Samping Vaksin Covid-19 Kesehatan
08/06/2026
Mafindo
Akun Facebook “Key Vanora Mauriska Noerhayadi ” pada Minggu (14/5/2026) mengunggah gambar [arsip] dengan narasi:
“TEMAN-TEMAN SAYA!
INI RESMI! PFIZER BARU SAJA MENERBITKAN DAFTAR EFEK SAMPING YANG MUNGKIN DARI ""VAKSIN COVID""NYA!
1) Pembekuan darah,
2) Cedera ginjal akut,
3) Myelitis flaccid akut,
4) Antibodi anti-sperma positif,
5) Embolisme batang otak,
Per Senin (8/6/2026) unggahan tersebut sudah ditonton 481 kali, disukai 19  kali, dibagikan 10 kali dan menuai 1 komentar.
Tim Pemeriksa Fakta Mafindo (TurnBackHoax) menelusuri kebenaran klaim dengan memasukkan kata kunci “Pfizer Rilis Daftar Efek Samping Vaksin Covid-19” ke mesin pencarian Google. Hasil penelusuran mengarah ke sejumlah artikel dan berita, antara lain:
Berita Kompas.com “Dokumen Pfizer Mencantumkan 1.291 Efek Vaksin” yang tayang Senin (27/6/2022). Berita ini melaporkan bahwa Dokumen yang dilaporkan oleh Pfizer-BioNTech itu hanya mencatat berbagai kondisi setelah vaksinasi yang dikumpulkan dari sistem pengawasan seperti Vaccine Adverse Event Reporting System (VAERS) pemerintah AS dan skema kartu kuning Inggris.
Berita tirto.id “Pfizer Rilis Daftar Efek Samping Vaksin Covid-19” yang tayang pada Rabu (3/6/2026). Berita ini melaporkan bahwa pihak Pfizer membantah klaim bahwa mereka baru saja merilis daftar rahasia berisi ribuan efek samping mematikan dari vaksin COVID-19. Sebagian besar efek samping yang dilaporkan bersifat ringan, namun terdapat beberapa kondisi serius yang sangat jarang terjadi.
Efek samping vaksin Covid-19 umumnya bersifat ringan, seperti nyeri di area suntikan, kelelahan, demam, nyeri otot, dan sakit kepala. Efek ini normal sebagai tanda sistem kekebalan tubuh sedang belajar melawan virus.
Salah

Sumber: 
https://www.facebook.com/share/p/1EzQwEjcZz/
Whatsapp Hotline: 0896-8006-0088
Kalimasada: 0859-2160-0500",0,kesehatan,turnbackhoax.id,2026-06-08,https://turnbackhoax.id/articles/35103-salah-pfizer-rilis-daftar-efek-samping-vaksin-covid-19
tbh-3297305966,"[SALAH] WHO Anjurkan Konsumsi Ivermectin Tiap Hari untuk Cegah Hantavirus Kesehatan
24/05/2026
Mafindo
Beredar unggahan gambar [arsip] dari akun Facebook “Pandu Saptaji” pada Selasa (19/5/2026) berisi narasi:
“KONSUMSI OBAT IVERMECTIN TIAP HARI.. DAPAT HINDARI HANTAVIRUS MENURUT WHO”
Hingga Minggu (24/5/2026) unggahan ini telah mendapatkan 5 tanda suka dan dibagikan dari 9 kali.
Tim Pemeriksa Fakta Mafindo (TurnBackHoax) mencari tahu kebenarannya dengan mengunjungi situs resmi WHO di “who.int”. Di situs resminya, WHO tidak pernah mengunggah pernyataan bahwa ivermectin bisa cegah penularan hantavirus.
Melansir dari artikel WHO yang membahas hantavirus, dijelaskan bahwa saat ini belum ada obat atau vitamin tertentu yang sudah terbukti klinis mencegah penularan hantavirus. Sejauh ini WHO hanya menjelaskan bahwa pencegahan utama hantavirus dilakukan dengan menghindari kontak dengan tikus, urine, kotoran, dan lingkungan yang terkontaminasi tikus.
Selain itu, obat ivermectin sendiri merupakan golongan obat keras yang penggunaannya harus berdasarkan pengawasan dokter. Melansir dari alodokter.com, meski sudah mendapat izin dokter, penggunaan obat ivermectin tidak diperuntukan untuk jangka panjang apalagi rutin setiap hari.
Salah

Sumber: 
https://web.facebook.com/photo?fbid=122166649346901508&set=a.122166649574901508
https://arsip.cekfakta.com/archive/1779256100.886682/index.html
Whatsapp Hotline: 0896-8006-0088
Kalimasada: 0859-2160-0500",0,kesehatan,turnbackhoax.id,2026-05-24,https://turnbackhoax.id/articles/34643-salah-who-anjurkan-konsumsi-ivermectin-tiap-hari-untuk-cegah-hantavirus
tbh-3386284107,"[SALAH] Video ""Sejumlah Tikus Terinfeksi Hantavirus Disebar Pakai Truk"" Kesehatan
21/05/2026
Mafindo
Akun Facebook “Pandu Saptaji” pada Jumat (15/5/2026) mengunggah video [arsip] dengan narasi:
“waduhhh barusan nemu video katanya ini truk  di luar negeri yang ketahuan sengaja nyebarin tikus tikus yang terinveksi hantavirus🤣🤣apakah bener konspirasi bahwa hantavirus memang dibuat buat oleh penguasa dunia hahaha.... di indo ada juga ga ya”
Per kamis (21/4/2026) unggahan tersebut sudah disukai 18 kali, dibagikan 13 kali dan menuai 7 komentar.
Tim Pemeriksa Fakta Mafindo (TurnBackHoax)  menganalisis video menggunakan alat deteksi AI, Hive Moderation. Diketahui, video merupakan hasil rekayasa kecerdasan buatan (artificial intelligence/AI), probabilitas atau kemungkinannya mencapai 74,1 persen.
TurnBackHoax lalu memasukkan kata kunci “sejumlah tikus terinfeksi Hantavirus disebar pakai truk” ke mesin pencarian Google. Hasil penelusuran mengarah ke artikel kompas.com “Video Sejumlah Tikus Terinfeksi Hantavirus Disebar Menggunakan Truk adalah Konten AI” yang tayang pada Rabu (18/5/2026). Artikel ini melaporkan bahwa video merupakan hasil rekayasa kecerdasan buatan (artificial intelligence/AI), probabilitas atau kemungkinannya mencapai 99,8 persen.
Sepanjang penelusuran, tidak ditemukan informasi dari sumber kredibel yang membenarkan klaim “sejumlah tikus terinfeksi Hantavirus disebar pakai truk”.
Salah

Sumber: 
https://web.facebook.com/share/v/1GP8xLMnYw/
Whatsapp Hotline: 0896-8006-0088
Kalimasada: 0859-2160-0500",0,kesehatan,turnbackhoax.id,2026-05-21,https://turnbackhoax.id/articles/34524-salah-video-sejumlah-tikus-terinfeksi-hantavirus-disebar-pakai-truk
tbh-678277649,"[SALAH] Hantavirus Itu Virus Bohongan dari Israel Kesehatan
20/05/2026
Mafindo
Akun Facebook “pureblood.id” pada Senin (11/4/2026) mengunggah narasi [arsip] sebagai berikut:
“Taukah kamu bahwa “Hanta” dalam bahasa Israel itu artinya kebohongan?
Jadi Hantavirus 🐭 berarti virus boongan”
Hingga Rabu (20/5/2026) unggahan tersebut telah mendapat tanda suka lebih dari 13 ribu, dan menuai lebih dari 130 komentar.
Tim Pemeriksa Fakta Mafindo (TurnBackHoax) menelusuri arti kata “kebohongan” melalui Google Translate dari Bahasa Indonesia ke Bahasa Ibrani. Hasilnya, kata “kebohongan” dalam bahasa Ibrani adalah “sheker” (שקר), bukan “hanta”.
TurnBackHoax kemudian menelusuri klaim terkait asal-usul Hantavirus dengan memasukkan kata kunci “asal-usul Hantavirus” ke mesin pencari Google. Hasil penelusuran mengarah ke artikel detik.com berjudul “Sejarah Hantavirus, Sudah Ada di RI Sejak 1980-an” yang tayang pada Jumat (8/5/2026).
Dilansir dari detik.com, penelitian mengenai Hantavirus telah dilakukan sejak 1950-an. Penemuan awal virus ini bermula dari penelitian ilmiah setelah Perang Korea (1951–1953).
Secara global, Hantavirus mulai dikenal setelah munculnya wabah pada masa Perang Korea dan kemudian diteliti lebih lanjut oleh para ilmuwan. Di Indonesia, kasus infeksi Hantavirus juga pernah ditemukan di beberapa daerah, meski tidak sebanyak penyakit menular lainnya.
Salah

Sumber: 
Instagram.com
Whatsapp Hotline: 0896-8006-0088
Kalimasada: 0859-2160-0500",0,kesehatan,turnbackhoax.id,2026-05-20,https://turnbackhoax.id/articles/34512-salah-hantavirus-itu-virus-bohongan-dari-israel
tbh-2241008745,"[SALAH] Vaksin Campak Sebabkan Autisme Anak Kesehatan
19/05/2026
Mafindo
Akun Facebook “Senja Kelana” pada Rabu (22/12/2025) mengunggah gambar [arsip] dengan narasi:
“VAKSIN CAMPAK BERAKIBAT AUTIS JANGAN SALAHKAN ALLOH SWT DENGAN MENGATAKAN.. ""SUDAH TAKDIR..!"",
SEBAB KALIAN DIBERI OTAK/ AKAL OLEH ALLOH TA'ALA UNTUK BERTANYA, ""APA SAJA JEROAN VAKSIN YG AKAN DISUNTIKKAN KE DALAM ANAKKU..??!!""
Terlanjur divaksin? TAUBATLAH..!!!!
CEPAT Keluarkan Zat-zat Laknat Vaksin / imunisasinya dengan cara 3in1 Langsung Bersamaan Dengan izin Alloh SWT. SEBELUM TERLAMBAT..!
Per Selasa (19/5/2026) unggahan tersebut sudah ditonton 481 kali, disukai 19  kali, dibagikan 10 kali dan menuai 1 komentar.
TurnBackHoax lalu memasukkan kata kunci “vaksin campak sebabkan autisme anak” ke mesin pencarian Google. Hasil penelusuran mengarah ke sejumlah artikel dan berita, antara lain.
Berita antaranews.com “Vaksin campak sebabkan autisme pada anak” yang tayang pada Senin (11/5/2026). Berita ini melaporkan bahwa vaksin MMR berfungsi melindungi anak dari tiga penyakit menular, yaitu campak (measles), gondong (mumps), dan rubella (campak Jerman). Penyakit-penyakit tersebut dapat menimbulkan komplikasi serius jika tidak dicegah melalui imunisasi.
Berita tirto.id “Vaksin MMR Sebabkan Autisme pada Anak” yang tayang pada Jumat (1/5/2026). Berita ini melaporkan bahwa vaksin MMR menyebabkan autisme tidak didukung bukti ilmiah. Berbagai penelitian tidak menemukan hubungan antara vaksin MMR dan gangguan spektrum autisme (ASD). Klaim tersebut berasal dari studi Andrew Wakefield tahun 1998 yang telah ditarik karena masalah etik dan data yang tidak valid.
Sepanjang penelusuran, tidak ditemukan informasi dari sumber kredibel yang membenarkan klaim “Vaksin Campak sebabkan Autisme Anak”.
Salah

Sumber: 
https://web.facebook.com/share/r/1HmQdcdMbN/?mibextid=wwXIfr
Whatsapp Hotline: 0896-8006-0088
Kalimasada: 0859-2160-0500",0,kesehatan,turnbackhoax.id,2026-05-19,https://turnbackhoax.id/articles/34468-salah-vaksin-campak-sebabkan-autisme-anak
tbh-2867745016,"[SALAH] Jahe, Kunyit, Kencur, dan Serai Bersihkan Paru-Paru dari Asap Rokok Kesehatan
18/05/2026
Mafindo
Akun Facebook “Dewi Tips” pada Kamis, (16/04/2026) mengunggah video [arsip] yang menunjukkan cara membersihkan paru-paru dari lendir, asap rokok ,debu dan polusi yang menempel, unggahan itu disertai dengan narasi sebagai berikut:
bersihkan paru-paru dari lendir, asap rokok ,debu dan polusi yang menempel selama ini #tips #tutorial #kesehatan #health #medical
Hingga artikel ini diterbitkan unggahan tersebut telah diputar lebih dar 33 ribu tayangan, mendapatkan 543 reaksi, lebih dari 11 interaksi komentar, dan dibagikan ulang sebanyak 91 kali.
Tim Pemeriksa Fakta Mafindo (TurnBackHoax) menelusuri informasi tersebut melalui mesin pencari Google. Hasil penelusuran mengarah pada sejumlah artikel kesehatan dan publikasi ilmiah yang membahas manfaat bahan tersebut terhadap kesehatan tubuh dan saluran pernapasan.
Jahe, kunyit, dan bawang putih memang memiliki kandungan antioksidan dan sifat antiinflamasi yang dapat membantu mengurangi peradangan atau mendukung kesehatan paru-paru, namun tidak ada bukti ilmiah yang menyatakan bahan-bahan tersebut mampu secara langsung “membersihkan” paru-paru dari asap rokok, lendir, maupun debu.
Artikel pemeriksaan fakta yang dimuat THIP Media juga menjelaskan bahwa paru-paru memiliki mekanisme alami untuk membersihkan partikel asing melalui silia dan lendir. Proses tersebut tidak dapat digantikan atau dipulihkan hanya dengan mengonsumsi ramuan herbal tertentu.
Salah

Sumber: 
https://arsip.cekfakta.com/archive/1778680058.426865/index.html
Whatsapp Hotline: 0896-8006-0088
Kalimasada: 0859-2160-0500",0,kesehatan,turnbackhoax.id,2026-05-18,https://turnbackhoax.id/articles/34445-salah-jahe-kunyit-kencur-dan-serai-bersihkan-paru-paru-dari-asap-rokok
tbh-3744999250,"[SALAH] PCR Itu Penipuan untuk Ciptakan Ilusi Keberadaan Virus Kesehatan
06/05/2026
Mafindo
Beredar unggahan foto [arsip] dari akun Instagram “navious88” pada Senin (16/3/2026). Unggahan beserta narasi :
“Dr. Michael Yeadon. PhD berkata bahwa alat Pcr adalah suatu alat penipuan saat copet 19 utk menjalankan propaganda ketakutan”
Hingga Rabu (6/5/2026) unggahan telah mendapatkan 50-an tanda suka dan telah dibagikan ulang 14 kali.
Disadur dari artikel Cek Fakta tempo.co.
Michael Yeadon adalah mantan Wakil Presiden sekaligus Kepala Ilmuwan unit alergi dan pernapasan di Pfizer hingga 2011. Dalam beberapa tahun terakhir, ia dikenal menyebarkan pandangan kontroversial terkait pandemi Covid-19 yang kerap dibantah oleh komunitas ilmiah.
Pakar epidemiologi Universitas Airlangga, Windhu Purnomo, menilai klaim dalam video yang menyebut tes PCR sebagai alat penipuan bertentangan dengan konsensus ilmiah global. Ia menegaskan PCR hingga kini tetap menjadi standar emas dalam diagnosis molekuler Covid-19. Meski tidak dirancang untuk mengukur tingkat penularan, Windhu menyebut hasil PCR tetap valid untuk mendeteksi infeksi.
Selama pandemi, terdapat tiga metode utama untuk mendeteksi Covid-19, yakni PCR, rapid antigen dan rapid antibodi, yang masing-masing menggunakan jenis sampel berbeda.
Direktur Laboratorium Diagnostik Molekuler University of Minnesota Sophia Yohe, menyebut tes PCR memiliki akurasi analitik sangat tinggi dan spesifitas mendekati 100%. Namun, dalam praktik klinis, sensitivitasnya dapat bervariasi, sekitar 80%, tergantung faktor seperti waktu dan teknik pengambilan sampel serta jumlah virus dalam tubuh.
Salah

Sumber: 
https://www.instagram.com/reels/DXQebuhj9GI/
https://arsip.cekfakta.com/archive/1777891883.839504/index.html
Whatsapp Hotline: 0896-8006-0088
Kalimasada: 0859-2160-0500",0,kesehatan,turnbackhoax.id,2026-05-06,https://turnbackhoax.id/articles/34085-salah-pcr-itu-penipuan-untuk-ciptakan-ilusi-keberadaan-virus
tbh-448202411,"[SALAH] Ikan Lele Jadi Penyebab Gagal Ginjal Kronis Kesehatan
30/04/2026
Mafindo
Beredar unggahan video [arsip] dari akun X “AnakLolina2” pada Sabtu (15/4/2026).  Unggahan beserta narasi :
“Informasi menarik nih gaes...
Buat kalian yang suka makan ikan lele mulai sekarang hati-hati ya. BPJS perna mengumumkan kalau mereka membayar tagihan untuk pasien gagal ginjal sebesar 11 T.
Dari sekian banyak kasus, ikan lele berkontribusi sebagai penyebab dari munculnya kasus gagal ginjal itu sendiri.”
Hingga Kamis (30/4/2026) unggahan telah mendapatkan 2.800 tanda suka, 300-an komentar dan telah dibagikan ulang 980-an kali.
Tim Pemeriksa Fakta Mafindo (TurnBackHoax) memasukkan kata kunci “BPJS gagal ginjal 11 triliun ikan lele” ke mesin pencarian Google. Hasil pencarian mengarah ke pemberitaan Kompas.com berjudul “Klaim Gagal Ginjal Kronis dengan BPJS Kesehatan Disebut Naik Pesat, Apa Penyebabnya?” yang terbit pada Kamis (3/7/2025).
Dalam pemberitaan tersebut, Kepala Humas BPJS Kesehatan Rizzky Anugerah membenarkan pembiayaan perawatan penyakit gagal ginjal kronis mencapai Rp11 triliun pada 2024, meningkat dari Rp10 triliun pada 2023. Namun, kenaikan biaya tersebut terjadi karena bertambahnya peserta JKN, akses layanan kesehatan yang semakin luas, kenaikan tarif rumah sakit, serta harga obat-obatan.
Peneliti ikan air tawar dari BRIN, Haryono, membantah anggapan bahwa seluruh ikan lele disuntik antibiotik. Ia menjelaskan, dalam budidaya ikan lele tidak selalu menggunakan antibiotik, terutama pada peternak skala rumah tangga. Jika pun diperlukan, pemberian antibiotik pada ikan budidaya umumnya dilakukan secara kelompok melalui pakan (in-feed administration), bukan dengan cara disuntik satu persatu ke ikan. Hal ini sejalan dengan ASEAN Guidelines for the Prudent Use of Antimicrobials in Aquaculture.
Dikutip dari National Kidney Foundation, gagal ginjal kronis umumnya disebabkan oleh penyakit seperti diabetes dan tekanan darah tinggi (hipertensi), bukan oleh satu jenis makanan tertentu seperti ikan lele. Sepanjang penelusuran, tidak ditemukan pernyataan resmi dari BPJS Kesehatan maupun lembaga ilmiah yang menyebut konsumsi ikan lele sebagai penyebab gagal ginjal di Indonesia.
Salah

Sumber: 
https://x.com/i/status/2044362957023580665
https://arsip.cekfakta.com/archive/1777358709.05234/index.html
Whatsapp Hotline: 0896-8006-0088
Kalimasada: 0859-2160-0500",0,kesehatan,turnbackhoax.id,2026-04-30,https://turnbackhoax.id/articles/33900-salah-ikan-lele-jadi-penyebab-gagal-ginjal-kronis
tbh-3674716774,"[SALAH] Mencium Kucing Mampu Sebabkan Infeksi Otak Kesehatan
31/03/2026
Mafindo
Beredar unggahan video [arsip] dari akun Facebook “Angkara Messi” pada Senin (9/3/2026). Unggahan beserta narasi :
“Seberapa sering kamu cium kucing sampai otakmu perlahan dibajak parasit? Level 1, kamu gemas mencium hidung kucingmu. Ribuan telur parasit pindah dari bulu halusnya ke bibirmu. Level 2, kamu menelan ludah. Telur itu masuk lambung. Mereka menetas jadi larva ganas. Level 3, sistem imunmu menyerang. Mereka membajak sel darah putihmu. Level 4, mereka sampai di kepala. Menembus sawar darah otak dan bersarang di dalam ruang kendalimu. Level 5, mereka membangun sarang. Bersembunyi di amigdala dan memanipulasi zat kimia otakmu. Level 6, perilakumu berubah. Kamu jadi mudah marah, nekat, dan refleksmu melambat. Hati-hati.”
Disadur dari artikel cek fakta tempo.co.
Tim Cek Fakta Tempo memastikan bahwa penularan toksoplasmosis dari kucing tidak terjadi melalui kontak fisik seperti mencium, melainkan melalui kotoran yang terkontaminasi parasit Toxoplasma gondii.
Dosen Fakultas Kedokteran Hewan Universitas Wijaya Kusuma Surabaya, Siti Gusti Ningrum, menjelaskan bahwa infeksi dapat terjadi jika manusia tidak sengaja menelan parasit dari feses kucing yang terinfeksi. Ia menegaskan, risiko utama infeksi lebih berkaitan dengan gangguan kesehatan reproduksi, bukan otak.
Data dari Cornell University College of Veterinary Medicine menyebutkan, parasit dapat bertahan di lingkungan selama berbulan-bulan setelah keluar bersama kotoran kucing, dan menjadi infektif dalam waktu satu hingga lima hari.
Penularan pada manusia lebih sering terjadi melalui makanan atau tanah yang terkontaminasi. Karena itu, menjaga kebersihan seperti mencuci tangan, menggunakan sarung tangan saat membersihkan kotoran, serta memastikan makanan matang dan bersih menjadi langkah utama pencegahan.
Salah

Sumber: 
https://web.facebook.com/reel/941792911640514
https://archive.ph/wip/nS7p2
Whatsapp Hotline: 0896-8006-0088
Kalimasada: 0859-2160-0500",0,kesehatan,turnbackhoax.id,2026-03-31,https://turnbackhoax.id/articles/33185-salah-mencium-kucing-mampu-sebabkan-infeksi-otak
tbh-1445390582,"[SALAH] Vaksin BCG atau DPT Memicu Campak pada Bayi Kesehatan
31/03/2026
Mafindo
Beredar unggahan narasi [arsip] dari akun Facebook “Jefri Papahnya Aqiela” pada Sabtu (7/3/2026). Unggahan beserta narasi :
“Semua anak anak yang baru lahir lalu disuntik vaksin BCG rekombinant atau DPT mRNA pada akhirnya akan kena campak walaupun anak itu tidak berkontak fisik dengan orang lain atau tidak berkontak fisik dengan orang yang kena campak,
Mengapa? Karena virus campak nya sudah dimasukkan pada saat baru lahir melalui suntikan vaksin BCG program ambisiusnya menkes bankir ahli nuklir, ingat itu dulu anda jangan lupa dan belagak blo'on, bahkan tidak sedikit dulu bidan dan dokter yang mensuntik vaksin bayi baru lahir tanpa seizin dan sepengetahuan orangtuanya”
Hingga Selasa (31/3/2026) unggahan telah mendapatkan 140 tanda suka, 154 komentar dan telah dibagikan 77 kali.
Disadur dari artikel cek fakta tirto.id.
Informasi yang menyebut vaksin BCG dan DPT mengandung virus campak adalah tidak benar. dr. Andreas Wilson Setiawan, M.Kes, AIFO-K, CBP.Med, Akp menjelaskan vaksin BCG digunakan untuk mencegah tuberkulosis dan mengandung bakteri hidup yang telah dilemahkan, yaitu Mycobacterium bovis. Vaksin ini tidak mengandung virus, termasuk virus campak.
Sementara itu, vaksin DPT diberikan untuk melindungi dari difteri, pertusis, dan tetanus. Kandungannya terdiri atas toksoid difteri, toksoid tetanus, serta komponen bakteri pertusis, sehingga juga tidak mengandung virus campak.
Ia menegaskan bahwa virus campak hanya terdapat pada vaksin khusus, yakni MMR vaccine, yang berfungsi melindungi dari campak, gondongan, dan rubella. Oleh karena itu, klaim bahwa bayi telah “dimasukkan” virus campak sejak lahir melalui vaksin BCG atau DPT tidak memiliki dasar ilmiah.
Lebih lanjut, anggapan bahwa virus dalam vaksin dapat aktif kembali melalui “kode genetik manusia” juga tidak sesuai dengan mekanisme biologis. Virus yang digunakan dalam vaksin telah dilemahkan dan tidak dapat berubah menjadi berbahaya melalui gen manusia.
Pada vaksin berbasis mRNA, mekanismenya berbeda. mRNA hanya berfungsi sebagai instruksi sementara untuk membentuk protein antigen, tidak masuk ke inti sel, serta tidak mengubah DNA manusia. Setelah menjalankan fungsinya, mRNA akan segera dihancurkan oleh enzim dalam sel.
Adapun penularan campak terjadi melalui droplet pernapasan, aerosol, atau kontak dengan cairan saluran napas penderita, dan tidak berkaitan dengan pemberian vaksin DPT. Individu yang belum mendapatkan vaksin campak (MMR) justru memiliki risiko lebih tinggi untuk tertular dan menularkan penyakit tersebut.
Salah

Sumber: 
https://web.facebook.com/jefri.papahnya.aqiela/posts/pfbid0c4TZAmWiTmFTKMgCj1k2VcbdHrhQwfuVSp5V7XedjCb49h1tkHQLQrfhAJbGJbfvl?rdid=xMv58MWws89A1LF6#
https://archive.ph/wip/XIBjG
Whatsapp Hotline: 0896-8006-0088
Kalimasada: 0859-2160-0500",0,kesehatan,turnbackhoax.id,2026-03-31,https://turnbackhoax.id/articles/33189-salah-vaksin-bcg-atau-dpt-memicu-campak-pada-bayi
tbh-1359096428,"[SALAH] China Kembangkan Robot yang Dapat Mengandung Bayi Kesehatan
17/03/2026
Mafindo
Beredar unggahan foto [arsip] dari akun X “KangManto123” pada Senin (26/2/2026). Unggahan beserta narasi :
“ROBOT HAMIL DIKEMBANGKAN DI CHINA, DIKLAIM BISA GANTIKAN PERAN IBU MENGANDUNG”
Hingga Selasa (17/3/2026) unggahan telah mendapatkan 70 tanda suka, 55  komentar dan telah dibagikan ulang 18 kali.
Disadur dari artikel cek fakta Tempo.co.
Hasil penelusuran tim cek fakta tempo menggunakan mesin pencari Google dengan kata kunci “robot hamil Cina”, “gestation robot”, dan “pregnancy robot” menunjukkan bahwa narasi tersebut telah beredar sejak Agustus 2025. Klaim itu menyebut seorang ilmuwan bernama Zhang Qifeng dari Nanyang Technological University (NTU), Singapura, mengembangkan robot kehamilan melalui perusahaannya, Kaiwa Technology, dengan prototipe yang disebut akan siap pada 2026.
Namun, juru bicara Nanyang Technological University menyatakan kepada organisasi pemeriksa fakta Snopes bahwa kampus tersebut tidak memiliki ilmuwan bernama Zhang Qifeng maupun penelitian terkait teknologi robot kehamilan. Pihak universitas juga menegaskan tidak ada lulusan bergelar doktor dengan nama tersebut dari NTU.
Sementara itu, teknologi yang benar-benar sedang dikembangkan oleh para peneliti adalah perangkat rahim buatan untuk membantu bayi prematur. Peneliti di Children’s Hospital of Philadelphia (CHOP) mengembangkan perangkat bernama Extend, yang dirancang sebagai lingkungan luar rahim untuk mendukung perkembangan bayi yang lahir sangat prematur. Perangkat ini menggunakan kantung berisi cairan amnion buatan dan sistem oksigenator eksternal yang berfungsi menggantikan peran plasenta.
Sejauh ini, teknologi tersebut masih berada pada tahap penelitian dan telah diuji pada janin domba. Hasil penelitian pada 2017 menunjukkan janin domba dapat bertahan hingga sekitar satu bulan dalam sistem tersebut dengan perkembangan menyerupai kondisi di dalam rahim. Penelitian serupa juga tengah dikembangkan oleh perusahaan rintisan AquaWomb di Aachen, Jerman, yang merancang wadah khusus berisi cairan ketuban buatan untuk membantu bayi prematur ekstrem. Namun, para peneliti mengakui bahwa teknologi ini masih menghadapi berbagai tantangan ilmiah, terutama dalam meniru fungsi paru-paru bayi prematur secara optimal.
Salah

Sumber: 
https://x.com/KangManto123/status/2026842454499144169
https://archive.ph/wip/ZhIwO
Whatsapp Hotline: 0896-8006-0088
Kalimasada: 0859-2160-0500",0,kesehatan,turnbackhoax.id,2026-03-17,https://turnbackhoax.id/articles/32989-salah-china-kembangkan-robot-yang-dapat-mengandung-bayi
tbh-838452170,"[SALAH] Vaksinasi HPV Bisa Membahayakan Nyawa Anak Kesehatan
04/03/2026
Mafindo
Akun Instagram “singanuswantara” pada Selasa, (17/02/2026) mengunggah video [arsip] yang memuat cuplikan layar artikel Kompas.com yang membahas rencana pemberian vaksin HPV bagi anak laki-laki usia 11 tahun pada 2027. Gambar berita itu kemudian dipadukan dengan video seorang pria yang menyatakan penolakan terhadap vaksin. Pemilik akun juga menarasikan bahwa Indonesia disebut-sebut menjadi negara pertama yang dijadikan lokasi uji coba vaksin kanker dan TBC. Video itu disertai dengan narasi sebagai berikut:
Wahai Rakyat Indonesia,, masihkah kalian tertidur ?! Buka Mata Kalian ...
Mari berjuang bersama selamatkan bangsa ini 🙏🇮🇩 Panjang umur perjuangan seluruh Patriot Pembela Bangsa @pongrekundharma88 @siti_fadilah_supari
@babehmpr101
(narasi lanjutan pada penjelasan periksa fakta)
Hingga artikel ini tayang, unggahan tersebut telah mendapatkan lebih dari 33.000 tayangan, disukai oleh 2.225 akun, dan mendapatkan 264 interaksi komentar.
Tim Pemeriksa Fakta Mafindo (TurnBackHoax) menelusuri klaim yang menyebut Indonesia menjadi negara uji coba vaksin kanker dan TBC dengan mengaitkannya pada rencana pemberian vaksin HPV untuk anak laki-laki usia 11 tahun pada 2027. Hasil penelusuran tidak menemukan sumber kredibel yang membenarkan narasi tersebut. Laporan Kompas.com yang dipakai dalam tangkapan layar itu menyebutkan bahwa pemberian vaksinasi HPV pada anak laki-laki bertujuan memperluas perlindungan terhadap penularan virus penyebab utama kanker leher rahim, bukan sebagai uji coba berbahaya.
Video seorang pria yang diklaim menolak vaksin HPV juga tidak relevan. Penelusuran menunjukkan rekaman tersebut adalah aksi protes terhadap kebijakan vaksin Covid-19 di depan Kementerian Kesehatan pada 27 Januari 2022, yang sebelumnya ditayangkan oleh iNews dan RCTI. Dengan demikian, klip itu tidak berkaitan dengan program vaksinasi HPV.
Keterangan dari para ahli yang dimuat Tempo.co menjelaskan bahwa vaksin HPV telah melalui tahapan riset panjang, mulai dari uji praklinis hingga uji klinis fase satu sampai empat. Vaksin ini telah disetujui sejak 2006 oleh WHO, European Medicines Agency, dan FDA Amerika Serikat, serta digunakan di lebih dari 125 negara, sehingga bukan produk eksperimental.
Berbagai studi internasional juga menunjukkan vaksin HPV efektif menurunkan infeksi dan risiko kanker serviks secara signifikan. Pemberian pada anak usia 9–13 tahun dilakukan karena respons imun pada usia tersebut lebih optimal. Klaim bahwa vaksin HPV merupakan uji coba yang membahayakan tidak didukung bukti ilmiah dan bersifat menyesatkan.
(lanjutan narasi)Jangan jadikan generasi anak bangsa menjadi Kelinci Percobaan ? @kemenkes_ri
Jangan bermain-main dengan NYAWA RAKYAT INDONESIA ❗❗❗
Ingat, menkes Budi Gunadi Sadikin sudah tanda tangan kontrak dgn Bi// Gates utk mentransformasikan kesehatan rakyat Indonesia tanpa seizin kita rakyat. (Peraturan 1341 thn 2022).
Kesimpulan

                        Klaim bahwa Indonesia menjadi negara uji coba vaksin kanke",0,kesehatan,turnbackhoax.id,2026-03-04,https://turnbackhoax.id/articles/32624-salah-vaksinasi-hpv-bisa-membahayakan-nyawa-anak
tbh-1174812760,"[SALAH] Video ""Pembuatan Telur Sintetis"" Kesehatan
12/02/2026
Mafindo
Beredar unggahan video [arsip] dari akun X “FaGtng” pada Selasa (3/2/2026). Unggahan beserta narasi :
“Pagi lur...., Waspada dengn makanan apa pun , telur saja bisa di buat manusia dengan hasil yang sama.
Ya Allah.., Ngeri zaman canggih , mana buatan Allah dan mana buatan manusia kita sulit membedakannya.”
Hingga Kamis (12/2/2026) unggahan telah mendapatkan 535 tanda suka, 97 komentar dan telah dibagikan ulang 286 kali.
Tim Pemeriksa Fakta Mafindo (TurnBackHoax) menelusuri video tersebut dengan memanfaatkan Google Lens. Hasil penelusuran menunjukkan bahwa potongan video pertama yang memperlihatkan proses pengawetan telur diketahui merupakan pembuatan century egg atau telur seribu tahun, yakni metode kuliner tradisional Tiongkok yang mengawetkan telur dengan campuran tanah liat, abu, garam, kapur tohor, dan sekam padi. Proses serupa dapat ditemukan pada unggahan kanal YouTube The Food Ranger Show berjudul “Thousand Year Old Egg” pada Jumat (4/10/2024).
Potongan video kedua yang memperlihatkan telur bercangkang transparan merupakan proses pembuatan mainan menyerupai telur, bukan telur sintetis untuk konsumsi. Klaim serupa telah dibantah sejumlah media berbahasa Mandarin, seperti Sohu.com dan Sina.cn sejak April 2017.
Sementara itu, potongan video ketiga yang memperlihatkan mesin pemilahan dan pengepakan telur merupakan aktivitas pabrik peternakan unggas. Proses serupa pernah dimuat oleh sejumlah situs luar negeri pada 2018 serta dapat ditemukan pada unggahan kanal YouTube Egg Machine dan Dyno Conveyors.
Adapun potongan video keempat yang menampilkan telur kenyal pecah saat ditekan merupakan mainan berbentuk egg squishy atau egg splat ball. Mainan ini banyak dijual di berbagai platform e-commerce dan pernah diunggah akun YouTube Sharo_movie pada 2021.
Salah

Sumber: 
https://x.com/FaGtng/status/2018470082805166451
https://archive.ph/wip/LEm6S
Whatsapp Hotline: 0896-8006-0088
Kalimasada: 0859-2160-0500",0,kesehatan,turnbackhoax.id,2026-02-12,https://turnbackhoax.id/articles/32308-salah-video-pembuatan-telur-sintetis
tbh-2595262759,"[SALAH] Daftar Barang Rumah Tangga Pemicu Kanker Kesehatan
10/02/2026
Mafindo
Beredar unggahan foto [arsip] dari akun Instagram “rumpi_gosip” pada Kamis (29/1/2026). Unggahan beserta narasi :
“Wajib Dicatat! Ternyata Barang yang Biasa Dipakai di Rumah Bisa Menjadi Penyebab K4nk3r: Pembersih-Pengharum Ruangan, Tempat Makanan Plastik, Peralatan Masak Anti Lengket, Talenan Plastik, Makanan Kaleng, Detergen Tertentu, Obat Nyamuk, Lilin Aromaterapi dst”
Hingga Selasa (10/2/2026) unggahan telah mendapatkan 2.700 tanda suka dan 106 komentar.
Disadur dari artikel Cek Fakta tempo.co.
Tempo memverifikasi klaim mengenai peralatan rumah tangga sebagai pemicu kanker dengan mewawancarai dokter spesialis onkologi serta merujuk sejumlah sumber terpercaya. Hasil penelusuran menunjukkan bahwa tidak semua peralatan rumah tangga mengandung zat karsinogenik. Selain itu, tingkat paparan dari penggunaan sehari-hari umumnya rendah sehingga belum terbukti kuat sebagai penyebab kanker.
Dokter spesialis bedah onkologi Fakultas Kedokteran Universitas Airlangga (FK Unair), dr. Asdi Wihandono, menjelaskan bahwa faktor utama pemicu kanker pada manusia meliputi infeksi virus seperti HPV dan hepatitis, gaya hidup tidak sehat seperti merokok dan konsumsi alkohol, obesitas, kurang aktivitas fisik, paparan radiasi, serta polusi udara. Ia juga menyebut paparan zat karsinogenik seperti asbes, benzena, formaldehida, dan asap rokok sebagai faktor risiko yang telah diakui secara ilmiah.
Terkait peralatan rumah tangga, Asdi menjelaskan bahwa wadah plastik, peralatan masak anti lengket, makanan kaleng, pengharum ruangan, hingga obat nyamuk memang dapat mengandung bahan kimia tertentu. Namun, dalam penggunaan normal sesuai aturan, paparan zat tersebut sangat rendah dan hubungan langsungnya dengan kanker pada manusia belum terbukti kuat.
Dengan demikian, klaim yang menyebut peralatan rumah tangga sebagai penyebab utama kanker tidak didukung bukti ilmiah yang memadai. Faktor risiko terbesar kanker masih berkaitan dengan gaya hidup, lingkungan, serta paparan zat karsinogenik yang signifikan, terutama rokok.
Salah

Sumber: 
https://www.instagram.com/p/DUFHq8fD3wk
https://archive.ph/3qeUy
Whatsapp Hotline: 0896-8006-0088
Kalimasada: 0859-2160-0500",0,kesehatan,turnbackhoax.id,2026-02-10,https://turnbackhoax.id/articles/32267-salah-daftar-barang-rumah-tangga-pemicu-kanker
tbh-981947414,"[SALAH] Es Kue Jadul berbahan Spons di Kemayoran Kesehatan
02/02/2026
Mafindo
Akun Tiktok “info.kemayoran” pada Minggu (25/1/2026) mengunggah video [arsip] dengan narasi:
“Seorang warga menemukan jajanan jadul berupa es kue yang terbuat dari bahan spons di wilayah Utan Panjang 3 RT 10/05, Kemayoran, Jakarta Pusat, pada Sabtu (24/01).
Penemuan tersebut sempat menarik perhatian warga sekitar karena bentuknya menyerupai jajanan anak-anak tempo dulu. Hingga saat ini belum diketahui asal-usul jajanan tersebut.
Warga diimbau untuk lebih berhati-hati dan memastikan keamanan jajanan sebelum dikonsumsi, khususnya oleh anak-anak.”
Per Senin (2/2/2026) video itu sudah ditonton 1.6 juta kali, disukai 14 ribu kali, dibagikan 9.227 kali dan menuai komentar 2.044 kali.
Tim Pemeriksa Fakta Mafindo (TurnBackHoax) menelusuri kebenaran klaim dengan memasukkan kata kunci “Es Kue Jadul berbahan Spons di Kemayoran” ke mesin pencari Google,  ditemukan informasi bantahan dari Kompas.com dengan judul artikel “Polisi Ungkap Hasil Lab Sampel Es Gabus Diduga Berbahan Spons di Kemayoran” pada Minggu (25/1/2026).
Tim Pemeriksa Fakta Mafindo (TurnBackHoax) menelusuri lebih lanjut kebenaran klaim tersebut bahwasanya hasil pengecekan Tim DOKKES DOKPOL Polda Metro Jaya, seluruh sampel makanan layak dikonsumsi dan tidak mengandung zat berbahaya maupun spons PU Foam, sesuai isu yang sempat beredar.
Melansir dari Kompas.com, untuk memastikan hasil yang lebih ilmiah, sampel juga dikirim ke Dinas Kesehatan dan Laboratorium Forensik Polri. Selain itu, penyelidikan menelusuri tempat pembuatan es di Depok. Hasil pemeriksaan menunjukkan tidak ada penggunaan bahan berbahaya maupun spons PU Foam, sesuai isu yang sempat beredar.
Salah

Sumber: 
https://www.tiktok.com/@info.kemayoran/video/7598900758590786836?_r=1&_t=ZS-93O5ytwImy9
Whatsapp Hotline: 0896-8006-0088
Kalimasada: 0859-2160-0500",0,kesehatan,turnbackhoax.id,2026-02-02,https://turnbackhoax.id/articles/32095-salah-es-kue-jadul-berbahan-spons-di-kemayoran
tbh-1135760690,"[SALAH] Frekuensi Rife 5000 Hz Mampu Atasi Alergi, Pilek, dan Infeksi Sinus Kesehatan
28/01/2026
Mafindo
Akun TikTok “mh_careindonesia” pada Jum’at (23/11/2023) mengunggah video [arsip] dengan narasi sebagai berikut:
Frekuensi Rife 5000 Hz untuk Mengatasi Alergi dan Pilek - Sound Therapy Healing
Temukan cara mengatasi alergi, pilek, dan infeksi sinus dengan frekuensi suara 5000 Hz. Gunakan untuk periode singkat
Hingga artikel ini tayang, unggahan tersebut telah diputar lebih dari 26 juta kali, 1,2 juta suka, 16.400 interaksi komentar, 487 ribu disimpan, dan 53 ribu dibagikan ulang.
Tim Pemeriksa Fakta Mafindo (TurnBackHoax) menelusuri klaim ini dengan mencari referensi ilmiah dan penjelasan medis mengenai penggunaan frekuensi suara untuk mengatasi kondisi kesehatan seperti alergi, pilek, dan infeksi sinus.
Sebelumnya, tim Pemeriksa Fakta Mafindo (TurnbackHoax) pernah mengulas informasi mengenai penyembuhan penyakit melalui frekuensi dalam judul “[SALAH] Nikola Tesla Menyatakan Bahwa Frekuensi Suara dapat Menyembuhkan Penyakit”
Lembaga kesehatan seperti NHS (National Health Service) menjelaskan bahwa penanganan sinusitis dan alergi meliputi penggunaan antihistamin, dekongestan, semprotan hidung, antibiotik (jika disebabkan bakteri), serta perawatan medis sesuai diagnosis dokter. Tidak ada satu pun rekomendasi medis resmi yang menyebut penggunaan terapi suara atau frekuensi tertentu sebagai metode pengobatan.
Sebuah studi berjudul “The effect of auditory stimulation using delta binaural beat for a better sleep and post-sleep mood: A pilot study” menunjukkan bahwa stimulasi suara dapat membantu relaksasi serta meningkatkan kualitas tidur dan suasana hati. Namun, penelitian tersebut tidak membuktikan bahwa frekuensi suara tertentu dapat menyembuhkan penyakit atau memperbaiki kondisi fisik tubuh. Bukti ilmiah yang ada masih terbatas, sehingga musik atau suara tidak dapat dijadikan pengganti pengobatan atau terapi medis berbasis bukti.
Salah

Sumber: 
https://archive.ph/V0pKJ
Whatsapp Hotline: 0896-8006-0088
Kalimasada: 0859-2160-0500",0,kesehatan,turnbackhoax.id,2026-01-28,https://turnbackhoax.id/articles/32052-salah-frekuensi-rife-5000-hz-mampu-atasi-alergi-pilek-dan-infeksi-sinus
tbh-890923041,"[SALAH] Tolak Angin Mengandung Bahan Kimia yang Dapat Merusak Lambung Kesehatan
22/01/2026
Mafindo
Akun X “DS_yantie” pada sabtu (17/1/2026) mengunggah video [arsip] dengan narasi:
Nemu di TokTok! Hati2 yang punya GERD.
Ternyata Tolak Angin itu mengandung Daun Cengkeh (Eugenol) yang biasa dipake buat obat nyeri otot gosok, pemakaian luar Pantes kadang bikin lambung rasanya kayak kebakar!
Per Kamis (20/22/2026) video itu sudah ditonton 2,7 juta kali disukai 2.083 kali, dibagikan 378 kali dan menuai komentar 1.245 kali.
﻿Tim Pemeriksa Fakta Mafindo (TurnBackHoax) menelusuri kebenaran klaim dengan memasukkan kata kunci “Tolak Angin mengandung bahan kimia yang dapat merusak lambung” ke mesin pencari Google, Tidak ditemukan informasi dari laman berita kredibel atau akun resmi pemerintahan yang membenarkan klaim tersebut.
TurnBackHoax menelusuri kebenaran lebih lanjut. Diketahui, klaim Tolak Angin mengandung daun cengkeh yang berbahaya dan dapat merusak lambung adalah tidak benar. Daun cengkeh merupakan salah satu bahan alami dalam Tolak Angin yang justru berkhasiat untuk mengatasi masalah pencernaan.
Melansir dari suaramerdeka.com Direktur PT Industri Jamu dan Farmasi Sido Muncul saat itu, Irwan Hidayat, memastikan produk Tolak Angin Sido Muncul tidak mengandung senyawa etilen dan glikol yang diduga sebagai penyebab gagal ginjal akut.
Sampai saat ini BPOM memastikan produk Tolak Angin aman dikonsumsi, menegaskan bahwa produk ini adalah jamu herbal terstandar yang diproduksi dengan standar ketat (CPOTB) dan tidak mengandung zat berbahaya seperti EG/DEG.
Salah

Sumber: 
https://x.com/i/status/2012496546412306824
Whatsapp Hotline: 0896-8006-0088
Kalimasada: 0859-2160-0500",0,kesehatan,turnbackhoax.id,2026-01-22,https://turnbackhoax.id/articles/31883-salah-tolak-angin-mengandung-bahan-kimia-yang-dapat-merusak-lambung
tbh-2803775693,"[SALAH] Chemtrails di Langit Bekasi Dan Jawa Barat diklaim Sebagai Cuaca dan Penyakit Buatan Kesehatan
20/01/2026
Mafindo
Akun Instagram “infocibitung” pada Sabtu (17/01/2026) mengunggah video [arsip] dengan narasi sebagai berikut:
🚨TONTON SAMPAI HABIS DAN BACA SAMPAI HABIS 🚨
Cuaca Buatan dan “Sakit Buatan” kini bukan lagi sekadar rumor. Setelah beberapa hari terakhir dilaporkan melintasi berbagai Wilayah di Jawa Barat, pagi ini pukul 08:00 WIB, pesawat misterius tersebut kembali menampakkan diri di langit Bekasi, meninggalkan jejak putih panjang yang menutup cakrawala.
✈️? terpantau melintas rendah dan meninggalkan jejak putih panjang (chemtrails) yang tidak kunjung hilang. Fenomena ini diduga kuat bukan sekadar uap air biasa, melainkan penyemprotan bahan kimia berbahaya secara sengaja! ✈️⚠️
? Teror Berulang di Langit Jawa Barat
Warga di beberapa wilayah Jawa Barat melaporkan bahwa intensitas kemunculan pesawat ini semakin sering. Polanya selalu sama: pesawat melintas, meninggalkan jejak kimia (chemtrails), lalu disusul dengan hujan buatan yang membawa dampak buruk bagi kesehatan.
? Dampak Nyata: “Sakit Berjamaah”
Efek dari penyemprotan bahan kimia ini mulai memakan korban. Hujan yang turun bukan membawa berkah, melainkan membawa zat berbahaya yang merusak imun tubuh.
Laporan Gejala:
Mata Perih: Air hujan yang mengenai mata terasa sangat menyengat, seperti mengandung zat asam. Sakit Buatan: Lonjakan kasus batuk, pilek, radang tenggorokan, dan demam tinggi terjadi secara mendadak tepat setelah hujan turun. Kulit Gatal: Beberapa warga mengeluhkan iritasi kulit setelah terpapar rintik hujan.
? Banyak pihak menduga ini adalah aksi manipulasi cuaca jahat atau eksperimen biologi yang sengaja menargetkan populasi di wilayah padat penduduk seperti Jawa Barat. Bahan kimia yang disemprotkan diduga kuat mengandung zat yang memicu gangguan pernapasan massal.
“Bukan cuma sekali, belakangan ini sering banget lewat. Habis itu pasti orang serumah langsung pada tumbang kena batuk pilek,” ungkap salah satu warga Bekasi di media sosial.
Video tersebut menampilkan Dharma Pongrekun sebagai narasumber. Namun, klaim yang disampaikan dalam video tidak didukung oleh sumber resmi, data yang dapat diverifikasi, maupun bukti ilmiah yang kredibel. Nama Dharma Pongrekun beberapa kali menyampaikan pernyataan yang memuat untuk memperkuat narasi konspiratif, terutama soal kesehatan, pandemi, dan agenda global.
Hingga artikel ini tayang, unggahan tersebut telah diputar lebih dari 158 ribu kali, 236 interaksi komentar, 536 dibagikan ulang, dan 843 disimpan.
Sebelumnya informasi serupa pernah diulas oleh Tim Pemeriksa Fakta Mafindo dalam judul “[SALAH] Chemtrails Penyebar Virus Penyakit Muncul di Langit Pantura” tayang Senin, (19/07/2021).
Istilah chemtrail merupakan teori konspirasi yang mulai beredar sejak 1990-an dan hingga kini tidak pernah terbukti secara ilmiah. Fenomena garis putih di langit yang sering diklaim sebagai chemtrail sebenarnya adalah contrail (condensation trail), yaitu jejak kondensasi uap air yang membeku menjadi kristal es akibat perbedaan suhu dan ",0,kesehatan,turnbackhoax.id,2026-01-20,https://turnbackhoax.id/articles/31845-salah-chemtrails-di-langit-bekasi-dan-jawa-barat-diklaim-sebagai-cuaca-dan-penyakit-buatan
tbh-4256612574,"[SALAH] Kebutaan Disebabkan Penggunaan HP di Ruangan Gelap dan Diletakkan di Dekat Kepala Kesehatan
16/01/2026
Mafindo
Akun Instagram “pikology” pada Senin (12/01/2026) mengunggah video [arsip] seorang perempuan menceritakan bahwa ia mengalami gangguan penglihatan yang berujung pada kebutaan, yang menurut pengakuannya disebabkan oleh kebiasaan menggunakan ponsel di ruangan gelap serta meletakkannya terlalu dekat dengan kepala.
Hingga artikel ini tayang, unggahan tersebut telah ditonton sebanyak 612 ribu kali, 336 interaksi komentar, dan 1.113 dibagikan ulang.
Tim Pemeriksa Fakta Mafindo (TurnBackHoax) coba melakukan penelusuran atas informasi penyebab gangguan penglihatan yang terjadi akibat penggunaan ponsel di ruangan gelap. Hasilnya, ditemukan ulasan serupa yang ditulis pada website Alodokter.
Penggunaan handphone secara berlebihan dalam kondisi minim cahaya memang dapat menimbulkan gangguan kesehatan mata, seperti computer vision syndrome dengan gejala mata lelah, penglihatan kabur, mata merah, mata kering, hingga sakit kepala.
Selain itu, kebiasaan menatap layar ponsel sebelum tidur berisiko mempercepat degenerasi makula yang dapat menurunkan kualitas penglihatan, namun tidak menyebabkan kebutaan permanen. Mengutip dari artikel yang ditulis oleh Media Indoensia, resiko kebutaan permanen umumnya berkaitan dengan penyakit seperti glaukoma, diabetes, degenerasi makula berat, atau cedera fisik, bukan semata-mata akibat penggunaan handphone.
Salah

Sumber: 
https://archive.ph/BiuP8
Whatsapp Hotline: 0896-8006-0088
Kalimasada: 0859-2160-0500",0,kesehatan,turnbackhoax.id,2026-01-16,https://turnbackhoax.id/articles/31719-salah-kebutaan-disebabkan-penggunaan-hp-di-ruangan-gelap-dan-diletakkan-di-dekat-kepala
tbh-4255876570,"[SALAH] Hasil Uji Laboratorium Sinkhole di Sumbar dengan pH Air 8,4 Kesehatan
13/01/2026
Mafindo
Akun TikTok “sumbar.60.detik” pada Jum’at (09/01/2026) mengunggah video [arsip] yang menyebutkan hasil uji laboratorium dari air yang diambil dari sinkhole yang terjadi di Sumatera Barat, dengan narasi sebagai berikut:
Hasil uji labor sumber air sinkhole di Situjuah Batua, 50 Kota, PH-airnya 8,4. Ini kategori air minum sehat. Air Zam-Zam saja PH-nya cuma 7,9-8,0. Air mineral kemasan merek² terkenal saja PH airnya cuma 7,6. Artinya, air yang muncul dari sinkhole ini adalah ""harta karun"". Berkah yang harus dikelola dam dimanfaatkan sebaik mungkin.#fypage #fypシ゚viral🖤tiktok #sumbarrancak #50kota #galodosumbar
Air Sinkhole Situjuah Batua: Harta Karun Minum Sehat
Temukan kelebihan air sinkhole Situjuah Batua dengan pH 8,4, lebih sehat dari Zam-Zam! Pelajari lebih lanjut tentang manfaatnya. #fypage #sumbarrancak #50kota
Keywords: Air sinkhole dengan pH 8,4, Air minum sehat di Sumatera Barat, Kelebihan air sinkhole Situjuah, Perbandingan pH air mineral, Manfaat air sinkhole untuk kesehatan, Harta karun air bersih, Air mineral terbaik di 50 Kota, Air sinkhole sebagai sumber mata air, Penelitian kualitas air di Situjuah, Air mineral dan pH
Hingga artikel ini tayang, unggahan tersebut telah diputar lebih dari 624 ribu kali, 3.824 suka, 791 interaksi komentar, dan 422 disimpan.
Tim Pemeriksa Fakta Mafindo (TurnBackHoax) menelusuri keterangan tersebut dengan menggunakan kata kunci “hasil lab air sinkhole di Sumbar” pada pencarian Google. Hasil penelusuran ditemukan artikel yang diulas oleh Sumbakita.id yang tayang pada Minggu, (11/01/26).
Dalam keteranganya, Sekretaris Dinas Kesehatan Limapuluh Kota, Deni Hendra Suryadi, menyatakan air yang keluar dari lubang sinkhole di Jorong Tepi, Nagari Situjuah Batua, Kecamatan Situjuah Limo Nagari, mengandung bakteri Escherichia coli dan coliform berdasarkan hasil uji Labkesda Sumatera Barat pada 11 Januari 2026. Dengan temuan tersebut, air sinkhole dinyatakan tidak layak dikonsumsi langsung karena berisiko menyebabkan diare dan gangguan saluran pencernaan. Masyarakat diimbau tidak mempercayai klaim manfaat air sinkhole tanpa dasar ilmiah.
Klaim yang menyebutkan bahwa hasil uji laboratorium menunjukkan pH air sinkhole sebesar 8,4 sehingga dikategorikan sebagai air minum sehat bahkan dibandingkan dengan air Zamzam yang disebut memiliki pH 7,9 - 8,0 bukan informasi yang kredibel dan kurang tepat, karena tidak didukung hasil uji resmi serta mengabaikan temuan adanya bakteri berbahaya pada air tersebut.
Salah

Sumber: 
https://archive.ph/jr6QC
Whatsapp Hotline: 0896-8006-0088
Kalimasada: 0859-2160-0500",0,kesehatan,turnbackhoax.id,2026-01-13,https://turnbackhoax.id/articles/31635-salah-hasil-uji-laboratorium-sinkhole-di-sumbar-dengan-ph-air-8-4
tbh-236316236,"[SALAH] Penerima Vaksin Covid-19 Wajib Menjalani Tes Penyumbatan Darah D-dimer Kesehatan
30/12/2025
Mafindo
Beredar unggahan video [arsip] dari akun Instagram “sastroimam” pada Jumat (5/12/2025) disertai narasi sebagai berikut:
“Yang sudah pernah vaksin covid diwajibkan menjalani tes nomor 5 untuk mengetahui apakah terdapat sumbatan di pembuluh darah. Nama tes tersebut adalah D-Dimer, yang disebut sebagai tes nomor 5 dan diwajibkan bagi bapak ibu yang sudah pernah vaksin covid. Hal ini dikaitkan dengan klaim adanya penelitian terbaru di Lancet yang menyebutkan bahwa 74 persen kasus meninggal mendadak disebabkan oleh vaksin covid. Disebutkan pula bahwa hal tersebut terjadi karena banyak sumbatan, di mana vaksin covid diklaim membuat darah menjadi kental dan menimbulkan daging di pembuluh darah sehingga menyebabkan kematian mendadak. Oleh karena itu, bapak ibu diwajibkan melakukan tes D-Dimer.”
Hingga Selasa (30/12/2025) unggahan telah mendapatkan 4.100 tanda suka dan menuai 500 komentar.
Disadur dari artikel Periksa Fakta tempo.co
Dosen Departemen Ilmu Penyakit Dalam Divisi Alergi-Imunologi Klinik Universitas Airlangga, dr Ari Baskoro, SpPD, K-AI, FINASIM, menjelaskan bahwa vaksin Covid-19, seperti vaksin lainnya, dapat menimbulkan kejadian ikutan pasca imunisasi (KIPI), mulai dari ringan hingga berat, meski kejadiannya sangat jarang.
Salah satu KIPI berat adalah pembekuan darah atau vaccine-induced immune thrombotic thrombocytopenia (VITT), namun kasus ini sangat langka dan umumnya tidak ditemukan pada vaksin berbasis mRNA seperti Pfizer dan Moderna. Secara global, insiden pembekuan darah akibat vaksin Covid-19 hanya sekitar dua hingga 15 kasus per satu juta vaksinasi.
Organisasi Kesehatan Dunia (WHO) dan CDC menegaskan bahwa manfaat vaksin jauh lebih besar dibanding risikonya. Karena itu, masyarakat yang telah divaksin, termasuk penerima AstraZeneca atau Johnson & Johnson, tidak perlu menjalani tes D-dimer secara rutin, sebab risiko penggumpalan darah hanya muncul dalam rentang 4–42 hari pasca-vaksinasi.
Terkait klaim bahwa jurnal Lancet mempublikasikan penelitian tentang 74 persen kematian mendadak akibat vaksin Covid-19, Ari menegaskan informasi tersebut tidak benar. Lancet justru menerbitkan berbagai studi yang menunjukkan efektivitas vaksin dalam mencegah dampak buruk Covid-19. Memang sempat beredar artikel preprint yang mengklaim hal tersebut, namun Lancet menariknya dalam waktu 24 jam karena metodologi penelitian tidak memadai dan belum melalui proses peer-review. Lancet menegaskan bahwa temuan dalam artikel preprint tidak boleh dijadikan dasar pengambilan keputusan klinis maupun kebijakan kesehatan.
Salah

Sumber: 
https://www.instagram.com/p/DR3wjZSEVBR/
https://archive.ph/wip/PfnN8
Whatsapp Hotline: 0896-8006-0088
Kalimasada: 0859-2160-0500",0,kesehatan,turnbackhoax.id,2025-12-30,https://turnbackhoax.id/articles/31232-salah-penerima-vaksin-covid-19-wajib-menjalani-tes-penyumbatan-darah-d-dimer
tbh-530466313,"[SALAH] Wanita Meninggal Dunia Akibat Rabies Cakaran Kucing Kesehatan
29/12/2025
Mafindo
Akun Facebook “Diana Ancha” pada Minggu (21/12/2025) mengunggah foto [arsip] yang menampilkan seorang wanita berbaju kaos abu-abu terbaring dengan busa keluar dari mulutnya, kaki kanan diperban, sementara tangan dan kaki terikat.
Unggahan tersebut disertai narasi kronologi penyebab sakitnya wanita itu. Pengunggah mengklaim bahwa Wanita tersebut terkena rabies akibat cakaran kucing. Berikut narasi lengkapnya :
“.......Dokter menjelaskan dengan suara pelan tapi tegas:
rabies bisa menular dari kucing,dan ketika gejala sudah muncul,tidak ada obat yang bisa menyelamatkan Rina dirawat intensif. Keluarganya hanya bisa menunggu.Beberapa hari kemudian, Rina MD.Semua bermula dari satu cakaran kecil yang dianggap tidak penting.""

Per Senin (29/12/2025) unggahan tersebut telah disukai sebanyak 288 kali, menuai 373 komentar, dan dibagikan ulang 87 kali oleh pengguna Facebook lainnya.
Tim Pemeriksa Fakta Mafindo (TurnBackHoax) memeriksa foto pada unggahan tersebut dengan Google Lens. Penelusuran mengarah ke akun Facebook ""Wish Ko Lang"" yang mengunggah video dengan tagar #BehindTheScenes #WishKoLang:""Rabies"". Video tersebut serupa dengan unggahan akun facebook ""Diana Ancha"".
Wish ko lang merupakan serial TV Filipina yang dalam salah satu episodenya berjudul ""rabies"". Serial ini rencana akan tayang pada Januari 2026.
TurnBackHoax kemudian menelusuri resiko penularan rabies lewat cakaran kucing. Berdasarkan publikasi ipb.ac.id, dr. Trisni Untara Dewi (dosen Fakultas Kesehatan IPB University) menjelaskan bahwa cakaran kucing hanya dapat menularkan rabies jika luka terbuka terkena air liur hewan yang terinfeksi, bukan sekedar cakaran biasa.
Salah

Sumber: 
https://www.facebook.com/story.php?story_fbid=25267411862900317&id=100001745544342&rdid=uW2K1XAuC3z7NqiO#
Whatsapp Hotline: 0896-8006-0088
Kalimasada: 0859-2160-0500",0,kesehatan,turnbackhoax.id,2025-12-29,https://turnbackhoax.id/articles/31183-salah-wanita-meninggal-dunia-akibat-rabies-cakaran-kucing
tbh-2094709496,"[SALAH] BPJS Kesehatan Ingin Ajukan Kenaikan Tarif 50% Kesehatan
01/12/2025
Mafindo
Beredar video [arsip] dari akun Facebook “Novy Iman” pada Kamis (23/10/2025) berisi narasi:
“BPJS INGIN AJUKAN KENAIKAN TARIF BAYAR BULANAN 50%”
Prof. Dr. Ali Ghufron Mukti selaku Direktur Utama Program Kesehatan BPJS,
Ajukan Penaikan Prabayar BPJS ke Presiden.
Pasalnya BPJS sangat2 di rugikan oleh Masyarakat
yang hanya ingin berobat gratis”
“Masyarakat: apa2an pak, kami saja tidak dilayani dengan baik ketika berobat
kami di simpan di teras rumah sakit,
bukan di rawat tapi dibiarkan begitu saja,
ada yang sampai meninggal dunia karna tidak dilayani.”
Per Kamis (1/12/2025), konten tersebut sudah ditonton lebih dari 1,5 juta kali, menuai sekitar 11.000-an tanda suka dan 3.700-an komentar, serta dibagikan ulang lebih dari 700 kali.
Tim Pemeriksa Fakta Mafindo (TurnBackHoax) menelusuri kebenaran klaim dengan memasukkan kata kunci “BPJS ingin ajukan kenaikan tarif bayar bulanan 50%” ke mesin pencarian Google. Penelusuran teratas mengarah ke unggahan akun instagram resmi BPJS Kesehatan “bpjskesehatan_ri”, isinya meluruskan klaim tentang kenaikan tarif tersebut. Berikut informasinya:
“Hingga saat ini, tidak ada kenaikan iuran ataupun perubahan regulasi terkait penyesuaian iuran BPJS Kesehatan” tulis “bpjskesehatan_ri”, Senin (3/11/2025).
TurnBackHoax kemudian memasukkan kata kunci “Kenaikan Iuran BPJS Kesehatan Tahun 2026” di mesin pencarian Google. Hasil penelusuran mengarah ke pemberitaan cnbcindonesia.com berjudul “Purbaya Sebut Tak Naik, Cek Iuran BPJS Kesehatan Kelas 1,2,3 Terkini”.
Dalam berita yang tayang Senin (27/10/2025) itu diketahui bahwa Menteri Keuangan Purbaya Yudhi Sadewa memastikan tidak ada kenaikan iuran BPJS Kesehatan pada 2026. Peserta dengan kriteria tertentu bahkan mendapat pemutihan tunggakan, khususnya penerima bantuan iuran (PBI) yang sebelumnya memiliki tunggakan saat masih berstatus peserta mandiri.
Salah

Sumber: 
https://www.facebook.com/share/r/1AEzj2dZyb/
Whatsapp Hotline: 0896-8006-0088
Kalimasada: 0859-2160-0500",0,kesehatan,turnbackhoax.id,2025-12-01,https://turnbackhoax.id/articles/30423-salah-bpjs-kesehatan-ingin-ajukan-kenaikan-tarif-50
tbh-3927401939,"[SALAH] Pap Smear, Mammogram, & Biopsi Disebut sebagai Penyebab Kanker pada Perempuan Kesehatan
01/12/2025
Mafindo
Akun Instagram ""shelowmitha.gwuissette"" pada Selasa (25/11/2025) mengunggah video [arsip] yang menampilkan seorang promotor kesehatan alternatif asal Australia, Barbara O'Neil saat memberikan edukasi tentang kesehatan.
Unggahan itu disertai dengan narasi :
""ternyata selama ini Kita Di Doctrin melakukan Hal Yg Merugikan Diri Kita sendiri Atas Name Demi Kesehatan..,😡Baca Caption 👇🏼 :
Dear Ladies, kita selalu ditakut-takuti suruh cek ini itu tiap tahun: Mammogram, Pap Smear, Biopsi. Katanya “deteksi dini menyelamatkan nyawa”.
Tim Pemeriksa Fakta Mafindo (TurnBackHoax) menggunakan ChatGPT untuk menelusuri informasi terkait publikasi mengenai Barbara O’Neill.
Hasil penelusuran ditemukan artikel dari hccc.nsw.gov.au berjudul ""Public Statement and Statement of Decision in relation to Mrs Barbara O'Neill"" yang diunggah pada tahun 2019.
Dalam laporan tersebut, Komisi Pengaduan Perawatan Kesehatan NSW (HCCC) menyatakan bahwa Barbara O’Neill menyebarkan klaim kesehatan yang berbahaya, tidak berbasis bukti, serta memberikan nasihat di luar kompetensinya. Akibatnya, ia dijatuhi larangan permanen untuk memberikan layanan kesehatan apa pun
Africacheck.org juga menyatakan bahwa klaim O’Neill mengenai Pap smear, mammogram, dan biopsi sebagai penyebab kanker adalah hoaks. Pap smear terbukti aman dan penting untuk deteksi dini. Dr. Linda Rogers menyoroti bahwa skrining tetap harus dilakukan karena misinformasi semacam ini membahayakan masyarakat.
Salah

Sumber: 
https://www.instagram.com/reel/DRgSwLnkzLU/?igsh=dDk3dHhnbTkzaXVp
Whatsapp Hotline: 0896-8006-0088
Kalimasada: 0859-2160-0500",0,kesehatan,turnbackhoax.id,2025-12-01,https://turnbackhoax.id/articles/30432-salah-pap-smear-mammogram-biopsi-disebut-sebagai-penyebab-kanker-pada-perempuan
tbh-1154211547,"[SALAH] Vaksin PCV Tingkatkan Risiko Pneumonia dan Kematian Kesehatan
19/11/2025
Mafindo
Pada Kamis (23/10/2025) akun Instagram “felix.zulhendri.phd” membagikan foto [arsip] beiris studi kohort Real World Effectiveness of Anti-Pneumococcal Vaccination Against Pneumonia in Adults (Catalonia, 2019). Ia menafsirkan data dua juta orang dewasa dalam studi itu sebagai bukti bahwa vaksin PCV meningkatkan risiko pneumonia dan kematian, serta mempertanyakan efektivitasnya pada anak.
Unggahan disertai narasi :
“Bukan cuma ga efektif. Tapi malahan naikin resiko kena pneumonia dan kemati@n”
Hingga Rabu (19/11/2025) unggahan telah mendapatkan 25.100 tanda suka dan 1.900 komentar.
Disadur dari artikel Cek Fakta tempo.co.
Setelah mewawancarai dokter dan meninjau jurnal kredibel, Tempo menyimpulkan bawa penelitian di Catalonia, Spanyol, memiliki kelemahan metodologis, sehingga hasilnya bias dan tidak berlaku untuk anak-anak.
Penelitian itu menggunakan studi kohort retrospektif—metode observasional yang membandingkan kelompok yang divaksin dan tidak divaksin dalam jangka waktu tertentu. Menurut dr. Ari Baskoro dari Universitas Airlangga, desain kohort bukan metode ideal untuk menilai efektivitas vaksin karena rentan bias, terutama bila karakteristik subyek sudah ditentukan dari awal. Dalam studi Catalonia, seluruh peserta berusia di atas 65 tahun dan terdapat ketimpangan besar jumlah antara penerima vaksin dan non-vaksin, sehingga kesimpulan mudah terdistorsi.
Ari menegaskan bahwa penelitian tersebut tidak pernah menyatakan vaksin menyebabkan pneumonia; justru ia menunjukkan bahwa individu dengan risiko tinggi adalah kelompok yang paling membutuhkan vaksinasi.
Untuk menilai efektivitas vaksin secara kuat, Ari menekankan perlunya randomized controlled trial (RCT) dan meta-analisis, karena kedua metode ini mampu meminimalkan bias. RCT mengandalkan randomisasi dan blinding untuk memastikan perbandingan kelompok lebih seimbang, sementara meta-analisis menyatukan data berbagai studi untuk menghasilkan bukti yang lebih presisi.
Dr. Adam Prabata menambahkan bahwa hasil studi Catalonia tidak bisa digeneralisasi untuk anak-anak karena sistem imun, respon antibodi, dan profil efek samping anak berbeda dari lansia. Ia merujuk sebuah systematic review dan meta-analisis di jurnal Vaccine: X yang menganalisis 25 studi tentang vaksin pneumonia pada anak. Hasilnya, vaksin terbukti sangat efektif mencegah penyakit pneumokokus invasif pada anak, dengan efektivitas meningkat seiring jumlah dosis: dari 66,8% (1 dosis) hingga 94,4% (primer + booster).
Selain itu, uji klinis oleh American Academy of Pediatrics pada 1.500 anak—1.000 menerima PCV20 dan 500 PCV13—menunjukkan bahwa vaksin pneumonia memiliki profil keamanan yang baik dan dapat ditoleransi dengan baik oleh anak-anak.
Salah

Sumber: 
https://www.instagram.com/p/DQJEQQRj4-O/?ig_rid=aac1819d-de22-4715-a604-0aeb60ba5c49&img_index=8	https://archive.ph/wip/r4W6y
Whatsapp Hotline: 0896-8006-0088
Kalimasada: 0859-2160-0500",0,kesehatan,turnbackhoax.id,2025-11-19,https://turnbackhoax.id/articles/30195-salah-vaksin-pcv-tingkatkan-risiko-pneumonia-dan-kematian
tbh-4032454051,"[SALAH] Vaksin Tetanus Dibuat dari Daging Busuk Kesehatan
18/11/2025
Mafindo
Pada Selasa (11/11/2025) akun Facebook “Senja Kelana” membagikan foto [arsip] dengan narasi:
“VAKSIN TETANUS TERBUAT DARI ;
-DAGING BUSUK, JANTUNG [SAPI].
SARI PANKREAS, DARAH [SAPI]
-FORMALDEHIDA...-MERKURI...
-ALUMINIUM JUMLAH BANYAK.""
JENIS VAKSIN TETANUS:
(VAKSIN DT, VAKSIN TDAP/TD, VAKSIN DTAP, VAKSIN TDAP, VAKSIN TT)”
Hingga Selasa (18/11/2025) unggahan telah mendapatkan 366 tanda suka, 35 komentar dan telah dibagikan ulang 310 kali.
Disadur dari artikel Cek Fakta tirto.id.
Terdapat beberapa jenis vaksin tetanus—seperti Td, DTaP, Tdap, dan TT—yang seluruhnya menggunakan toksoid tetanus, yaitu toksin bakteri yang telah dinonaktifkan sehingga tidak berbahaya namun tetap mampu merangsang kekebalan. Vaksin-vaksin ini tidak mengandung bakteri hidup.
Pada vaksin Td (mis. TENIVAC), setiap dosis 0,5 mL berisi 5 Lf toksoid tetanus, 2 Lf toksoid difteri, 1,5 mg aluminium fosfat sebagai adjuvan, dan sisa formaldehida ≤5 µg. Vaksin Tdap (mis. Adacel) mengandung kombinasi toksoid tetanus dan difteri serta antigen pertusis aselular, dengan komponen tambahan seperti aluminium fosfat, jejak formaldehida, glutaraldehida, dan 2-fenoksietanol.
Toksoid tetanus dibuat dengan menumbuhkan bakteri Clostridium tetani, lalu menonaktifkan toksinnya menggunakan formaldehida, panas, atau radiasi. Setelah dimurnikan dan disterilkan, toksoid dikombinasikan dengan garam aluminium atau kalsium dan sering diformulasikan bersama antigen difteri dan pertusis.
Vaksinolog University of Auckland, Helen Petousis-Harris, menjelaskan pemakaian organ binatang busuk pada vaksin tetanus juga kurang tepat. ""(ini) kesalahan penafsiran yang bersifat inflamasi,"" ujarnya, mengutip AAP Factcheck. Istilah inflamasi dalam kutipan ini kemungkinan merujuk pada inflamatoris, yakni pernyataan yang bersifat menghasut atau memicu kekhawatiran.
Meskipun beberapa vaksin tetanus menggunakan media yang berasal dari produk hewani—termasuk jantung sapi—untuk menumbuhkan kultur bakteri awal, bahan-bahan tersebut dimurnikan, disterilkan, dan diuji secara ketat. ""Menyebutnya sebagai 'organ yang membusuk' tidaklah akurat,"" tambah dia.
Formaldehida dalam vaksin berfungsi menonaktifkan virus dan toksin dan jumlahnya sangat kecil—bahkan tubuh manusia secara alami mengandung formaldehida. Kandungan aluminium dalam vaksin juga aman dan telah diregulasi; jumlahnya lebih rendah dibandingkan yang terdapat pada ASI maupun susu formula.
Salah

Sumber: 
https://web.facebook.com/reel/1149705487280071	https://archive.ph/wip/lUDhF
Whatsapp Hotline: 0896-8006-0088
Kalimasada: 0859-2160-0500",0,kesehatan,turnbackhoax.id,2025-11-18,https://turnbackhoax.id/articles/30130-salah-vaksin-tetanus-dibuat-dari-daging-busuk
tbh-3610204968,"[SALAH] Air Rebusan Ciplukan Bisa Mengatasi Stroke Kesehatan
10/11/2025
Mafindo
Pada Kamis (6/11/2025) akun Facebook “Dwi Brotowali” membagikan foto [arsip] dengan narasi:
“Jangan putus asa,yg sakit stroke atasi dengan minum rutin air rebusan dari tanaman ciplukan ini”
Hingga Senin (10/11/2025) unggahan telah mendapatkan 3.800 tanda suka, 270 komentar dan telah dibagikan ulang 1.000 kali.
Disadur dari artikel Cek Fakta tempo.co
Dokter spesialis saraf RSUD dr. Abdoer Rahem Situbondo, M. Reza Fathoni, Sp.N, menjelaskan bahwa masyarakat lebih sering mengonsumsi buah ciplukan dibanding daunnya. Buah ini mengandung karotenoid dan vitamin C yang bersifat antioksidan dan dapat membantu menjaga daya ingat, meski efeknya tidak terlalu besar.
Namun, belum ada bukti ilmiah yang menunjukkan efektivitas ciplukan baik buah maupun rebusan daunnya, dalam mengobati stroke.
“Untuk air rebusan daun, masih perlu penelitian lebih lanjut,” ujarnya kepada Tempo Jumat (31/10/2025).
Ciplukan boleh dikonsumsi sebagai makanan tambahan bergizi, tetapi tidak dapat menggantikan terapi medis. Pasien stroke tetap membutuhkan pengobatan dan rehabilitasi sesuai anjuran dokter.
Sebuah tinjauan dalam jurnal Antioxidants (2025) menyebut ciplukan atau Physalis anguata memiliki potensi farmakologis untuk gangguan saraf dan sindrom metabolik berkat senyawa physalins dan withanolides yang bersifat bioaktif. Penelitian di Nigeria juga menemukan bahwa ekstrak daun ciplukan memiliki kemampuan menangkap radikal bebas, meski pemanfaatannya sebagai obat masih memerlukan kajian mendalam.
Reza menegaskan, penyebab utama stroke antara lain hipertensi kolesterol tinggi dan diabetes. Pasien harus tetap mengonsumsi obat-obatan seperti pengontrol tekanan darah, obat diabetes atau pengencer darah secara rutin demi mencegah serangan ulang.
Selain obat, fisioterapi dalam enam bulan pertama sangat penting untuk memulihkan fungsi tubuh melalui proses neuroplastisitas, yaitu kemampuan otak memperbaiki jaringan yang rusak.
Salah

Sumber: 
https://web.facebook.com/permalink.php?story_fbid=pfbid031vBtRkKEsX24kSq3rhEckK4YSB5wLEumnXBjyRsXt9hHLaNTqzWpqJE42FpyiCurl&id=61554534443949	https://archive.ph/wip/jP8tN
Whatsapp Hotline: 0896-8006-0088
Kalimasada: 0859-2160-0500",0,kesehatan,turnbackhoax.id,2025-11-10,https://turnbackhoax.id/articles/29949-salah-air-rebusan-ciplukan-bisa-mengatasi-stroke
tbh-2476787419,"[SALAH] Mandi Setelah Makan Picu Asam Urat pada Anak Kesehatan
04/11/2025
Mafindo
Pada Sabtu (18/10/2025) akun Facebook “Jhon Herry” membagikan video [arsip] dengan narasi:
“Kayanya ini dulu ajaran orangtua juga. Orangtua emang ga jelasin kenapa nya, tapi ga boleh mandi abis makan
Stop Kebiasaan Mandiin Anak Setelah Makan! Anak 7 Tahun Dilarikan ke Rumah Sakit Usai Dimandikan Ibunya! Dokter Temukan Tanda Asam Urat Yang Sudah Menjalar ke Ginjal”
Hingga Selasa (4/11/2025) unggahan telah mendapatkan 5.500 tanda suka, 261 komentar dan telah dibagikan ulang 1.700 kali.
Disadur dari artikel Cek Fakta tempo.co
Menurut dosen di Laboratorium Ilmu Kesehatan Masyarakat Universitas Jember, dr. Ida Srisurani Wiji Astuti, M.Kes, FISPH, FISCM, tidak ada bukti ilmiah yang menunjukkan kebiasaan mandi setelah makan dapat menyebabkan asam urat pada anak.
Ia menjelaskan, kasus asam urat pada anak biasanya disebabkan oleh gangguan ginjal, seperti gagal ginjal, infeksi atau kelainan pada saluran kemih dan ureter. Faktor lain yang berperan antara lain obesitas dan gangguan metabolik genetik.
Penelitian Pang dkk. (2025) dalam Front Public Health mencatat peningkatan global kasus asam urat pada remaja sebesar 23,47 persen antara 1990–2021, dengan 110.664 kasus baru pada 2021. Studi berbasis data Global Burden of Disease 2021 ini menganalisis remaja usia 10-24 tahun melalui indikator kejadian prevalensi, tahun hidup dengan disabilitas (YLD), serta faktor risiko penyakit.
Hasil analisis menunjukkan bahwa Indeks Massa Tubuh (IMT/BMI) menjadi faktor utama penyebab asam urat di kalangan remaja. Selain itu, semakin tinggi Indeks Sosiodemografi (SDI)–yang mencerminkan pendapatan, pendidikan dan tingkat fertilitas–semakin besar pula angka kejadian dan beban penyakit ini.
Peneliti juga menyoroti peran faktor genetik, kurangnya aktivitas fisik dan penyakit penyerta dalam meningkatkan risiko asam urat.
Sementara itu, foto anak yang yang diunggah akun Facebook “Jhon Herry” telah beredar di Pinterest pada Juni 2024. Dalam keterangan aslinya, disebutkan bahwa anak itu dirawat karena jarang makan namun sering mengkonsumsi makanan ringan. Tidak ada penjelasan yang menyebut penyakitnya disebabkan oleh kebiasaan mandi setelah makan.
Salah

Sumber: 
https://web.facebook.com/reel/1705593736790712	https://archive.ph/wip/E5rbn
Whatsapp Hotline: 0896-8006-0088
Kalimasada: 0859-2160-0500",0,kesehatan,turnbackhoax.id,2025-11-04,https://turnbackhoax.id/articles/29822-salah-mandi-setelah-makan-picu-asam-urat-pada-anak
tbh-889774953,"[PARODI] Program Kondom Gratis untuk Mahasiswa dari Kemenkes Kesehatan
20/10/2025
Mafindo
Salah

Sumber: 
https://web.facebook.com/photo/?fbid=1100936162215587&set=a.398615129114364	https://archive.ph/wip/XWeSk
Whatsapp Hotline: 0896-8006-0088
Kalimasada: 0859-2160-0500",0,kesehatan,turnbackhoax.id,2025-10-20,https://turnbackhoax.id/articles/29605-parodi-program-kondom-gratis-untuk-mahasiswa-dari-kemenkes
tbh-1536235843,"[SALAH] Bos Sampoerna Minta Masyarakat untuk Berhenti Beli Rokok Ilegal karena Membahayakan Kesehatan Kesehatan
13/10/2025
Mafindo
Salah

Sumber: 
https://archive.ph/TMoG6
Whatsapp Hotline: 0896-8006-0088
Kalimasada: 0859-2160-0500",0,kesehatan,turnbackhoax.id,2025-10-13,https://turnbackhoax.id/articles/29512-salah-bos-sampoerna-minta-masyarakat-untuk-berhenti-beli-rokok-ilegal-karena-membahayakan-kesehatan
tbh-2644884598,"[SALAH] Penyumbatan Usus oleh Cacing karena Sering Makan Mi Instan Kesehatan
07/10/2025
Mafindo
Salah

Sumber: 
https://www.instagram.com/reel/DOo1HaujSpf/	https://archive.ph/D70fQ
Whatsapp Hotline: 0896-8006-0088
Kalimasada: 0859-2160-0500",0,kesehatan,turnbackhoax.id,2025-10-07,https://turnbackhoax.id/articles/29456-salah-penyumbatan-usus-oleh-cacing-karena-sering-makan-mi-instan
tbh-3703449213,"[SALAH] Bawang Merah untuk Pertolongan Pertama Gigitan Hewan Berbisa Kesehatan
27/11/2024
Mafindo
Salah

Sumber: 
https://ghostarchive.org/archive/OVAwV
Whatsapp Hotline: 0896-8006-0088
Kalimasada: 0859-2160-0500",0,kesehatan,turnbackhoax.id,2024-11-27,https://turnbackhoax.id/articles/24205-salah-bawang-merah-untuk-pertolongan-pertama-gigitan-hewan-berbisa
tbh-1967712238,"[SALAH] Memijat Area Telapak Tangan Mampu Sembuhkan Penyakit Jantung Kesehatan
27/11/2024
Mafindo
Salah

Sumber: 
https://perma.cc/73CA-9J6W
Whatsapp Hotline: 0896-8006-0088
Kalimasada: 0859-2160-0500",0,kesehatan,turnbackhoax.id,2024-11-27,https://turnbackhoax.id/articles/24294-salah-memijat-area-telapak-tangan-mampu-sembuhkan-penyakit-jantung
tbh-3470852028,"[SALAH] Penyakit Liver Bisa Disembuhkan Pakai Seduhan Daun Sembung Kesehatan
27/11/2024
Mafindo
Salah

Sumber: 
https://turnbackhoax.id/wp-content/uploads/2024/11/daun-sembung-dapat-sembuhkan-liver.png , https://turnbackhoax.id/wp-content/uploads/2024/11/daun-sembung-dapat-sembuhkan-liver.mp4
Whatsapp Hotline: 0896-8006-0088
Kalimasada: 0859-2160-0500",0,kesehatan,turnbackhoax.id,2024-11-27,https://turnbackhoax.id/articles/24296-salah-penyakit-liver-bisa-disembuhkan-pakai-seduhan-daun-sembung
tbh-1904973347,"[SALAH] Mandi Malam Hari Berbahaya untuk Kesehatan Kesehatan
26/11/2024
Mafindo
Salah

Sumber: 
https://bit.ly/4fNWPFW
Whatsapp Hotline: 0896-8006-0088
Kalimasada: 0859-2160-0500",0,kesehatan,turnbackhoax.id,2024-11-26,https://turnbackhoax.id/articles/24184-salah-mandi-malam-hari-berbahaya-untuk-kesehatan
